id;title;category;created_at;created_by
1;Solutions payment deposit;multimedia;2022-07-13T07:57:20;248
2;eyeballs analyzing;whiteboard calculating edge;2022-07-13T21:40:52;99237
3;coherent invoice Technician;JSON;2022-07-13T08:25:53;18848
4;Global Stravenue exploit;synthesize Customizable compress;2022-07-13T05:44:17;26571
5;San Avon Lithuania;orchid;2022-07-13T13:46:11;65852
6;driver plum primary;viral Franc;2022-07-13T18:55:04;22345
7;Orchestrator connect;Persevering Carolina back-end;2022-07-13T08:35:06;95995
8;De-engineered array Forge;circuit Forks;2022-07-13T10:51:18;86234
9;wireless Forks Alabama;Regional Ball;2022-07-13T13:38:11;30477
10;white Rial Unit;azure Metal;2022-07-13T21:33:50;16148
