id;title;contents;read_cnt;good_cnt;created_at;created_by
1;Singapore Mexico;../fake-data/blob/hipster.txt;52091;4244;2022-07-13T05:46:21;63071
2;groupware deposit leading-edge;../fake-data/blob/hipster.txt;80563;76714;2022-07-13T21:14:58;44200
3;Tools;../fake-data/blob/hipster.txt;61138;53404;2022-07-13T21:11:48;83243
4;Pataca;../fake-data/blob/hipster.txt;19200;63164;2022-07-13T15:10:36;63184
5;Isle;../fake-data/blob/hipster.txt;80084;96055;2022-07-13T19:36:45;70149
6;Dominica;../fake-data/blob/hipster.txt;42860;98784;2022-07-13T15:54:19;84582
7;system;../fake-data/blob/hipster.txt;77040;26712;2022-07-13T09:20:47;4802
8;turn-key;../fake-data/blob/hipster.txt;25354;92775;2022-07-13T20:32:34;75900
9;PCI Home;../fake-data/blob/hipster.txt;18335;3931;2022-07-13T10:24:50;77338
10;Developer Loan;../fake-data/blob/hipster.txt;31232;44182;2022-07-14T02:49:45;49079
